time,clintellimqtt_consumer.value
2019-08-11T17:54:34.700Z,522
2019-08-11T17:54:34.701Z,520
2019-08-11T17:54:34.702Z,818
2019-08-11T17:54:34.703Z,421
2019-08-11T17:54:34.704Z,512
2019-08-11T17:54:34.705Z,517
2019-08-11T17:54:34.706Z,526
2019-08-11T17:54:34.859Z,536
2019-08-11T17:54:34.860Z,549
2019-08-11T17:54:34.861Z,565
2019-08-11T17:54:34.862Z,596
2019-08-11T17:54:34.863Z,643
2019-08-11T17:54:34.864Z,670
2019-08-11T17:54:34.865Z,651
2019-08-11T17:54:35.018Z,620
2019-08-11T17:54:35.019Z,535
2019-08-11T17:54:35.020Z,514
2019-08-11T17:54:35.021Z,518
2019-08-11T17:54:35.022Z,526
2019-08-11T17:54:35.023Z,541
2019-08-11T17:54:35.024Z,547
2019-08-11T17:54:35.177Z,544
2019-08-11T17:54:35.178Z,553
2019-08-11T17:54:35.179Z,557
2019-08-11T17:54:35.180Z,560
2019-08-11T17:54:35.181Z,561
2019-08-11T17:54:35.182Z,566
2019-08-11T17:54:35.183Z,578
2019-08-11T17:54:35.336Z,588
2019-08-11T17:54:35.337Z,583
2019-08-11T17:54:35.338Z,579
2019-08-11T17:54:35.339Z,589
2019-08-11T17:54:35.340Z,583
2019-08-11T17:54:35.341Z,593
2019-08-11T17:54:35.342Z,616
2019-08-11T17:54:35.496Z,603
2019-08-11T17:54:35.497Z,571
2019-08-11T17:54:35.498Z,578
2019-08-11T17:54:35.499Z,578
2019-08-11T17:54:35.500Z,844
2019-08-11T17:54:35.501Z,388
2019-08-11T17:54:35.502Z,561
2019-08-11T17:54:35.655Z,556
2019-08-11T17:54:35.656Z,556
2019-08-11T17:54:35.657Z,560
2019-08-11T17:54:35.658Z,571
2019-08-11T17:54:35.659Z,586
2019-08-11T17:54:35.660Z,601
2019-08-11T17:54:35.661Z,617
2019-08-11T17:54:35.662Z,656
2019-08-11T17:54:35.813Z,663
2019-08-11T17:54:35.814Z,661
2019-08-11T17:54:35.815Z,600
2019-08-11T17:54:35.816Z,525
2019-08-11T17:54:35.817Z,496
2019-08-11T17:54:35.818Z,487
2019-08-11T17:54:35.819Z,498
2019-08-11T17:54:35.972Z,496
2019-08-11T17:54:35.973Z,492
2019-08-11T17:54:35.974Z,490
2019-08-11T17:54:35.975Z,493
2019-08-11T17:54:35.976Z,497
2019-08-11T17:54:35.977Z,482
2019-08-11T17:54:35.978Z,484
2019-08-11T17:54:36.134Z,492
2019-08-11T17:54:36.135Z,485
2019-08-11T17:54:36.136Z,489
2019-08-11T17:54:36.137Z,495
2019-08-11T17:54:36.138Z,490
2019-08-11T17:54:36.139Z,494
2019-08-11T17:54:36.140Z,497
2019-08-11T17:54:36.291Z,496
2019-08-11T17:54:36.292Z,524
2019-08-11T17:54:36.293Z,498
2019-08-11T17:54:36.294Z,495
2019-08-11T17:54:36.295Z,494
2019-08-11T17:54:36.296Z,484
2019-08-11T17:54:36.297Z,912
2019-08-11T17:54:36.298Z,377
2019-08-11T17:54:36.450Z,336
2019-08-11T17:54:36.451Z,484
2019-08-11T17:54:36.452Z,493
2019-08-11T17:54:36.453Z,495
2019-08-11T17:54:36.454Z,507
2019-08-11T17:54:36.456Z,501
2019-08-11T17:54:36.457Z,511
2019-08-11T17:54:36.458Z,514
2019-08-11T17:54:36.459Z,512
2019-08-11T17:54:36.460Z,524
2019-08-11T17:54:36.462Z,523
2019-08-11T17:54:36.464Z,531
2019-08-11T17:54:36.465Z,544
2019-08-11T17:54:36.609Z,565
2019-08-11T17:54:36.610Z,606
2019-08-11T17:54:36.611Z,626
2019-08-11T17:54:36.612Z,598
2019-08-11T17:54:36.613Z,514
2019-08-11T17:54:36.614Z,459
2019-08-11T17:54:36.615Z,448
2019-08-11T17:54:36.616Z,456
2019-08-11T17:54:36.768Z,468
2019-08-11T17:54:36.769Z,472
2019-08-11T17:54:36.770Z,473
2019-08-11T17:54:36.771Z,478
2019-08-11T17:54:36.772Z,473
2019-08-11T17:54:36.773Z,465
2019-08-11T17:54:36.774Z,464
2019-08-11T17:54:36.926Z,465
2019-08-11T17:54:36.927Z,463
2019-08-11T17:54:36.928Z,475
2019-08-11T17:54:36.929Z,472
2019-08-11T17:54:36.930Z,481
2019-08-11T17:54:36.932Z,475
2019-08-11T17:54:36.933Z,468
2019-08-11T17:54:36.934Z,504
2019-08-11T17:54:36.935Z,505
2019-08-11T17:54:37.086Z,516
2019-08-11T17:54:37.087Z,487
2019-08-11T17:54:37.088Z,489
2019-08-11T17:54:37.089Z,486
2019-08-11T17:54:37.090Z,825
2019-08-11T17:54:37.091Z,333
2019-08-11T17:54:37.092Z,490
2019-08-11T17:54:37.093Z,489
2019-08-11T17:54:37.246Z,505
2019-08-11T17:54:37.247Z,514
2019-08-11T17:54:37.248Z,522
2019-08-11T17:54:37.249Z,545
2019-08-11T17:54:37.250Z,585
2019-08-11T17:54:37.251Z,631
2019-08-11T17:54:37.405Z,655
2019-08-11T17:54:37.406Z,664
2019-08-11T17:54:37.407Z,589
2019-08-11T17:54:37.408Z,511
2019-08-11T17:54:37.409Z,490
2019-08-11T17:54:37.410Z,492
2019-08-11T17:54:37.411Z,494
2019-08-11T17:54:37.412Z,497
2019-08-11T17:54:37.566Z,513
2019-08-11T17:54:37.567Z,514
2019-08-11T17:54:37.568Z,507
2019-08-11T17:54:37.569Z,502
2019-08-11T17:54:37.570Z,516
2019-08-11T17:54:37.571Z,502
2019-08-11T17:54:37.725Z,522
2019-08-11T17:54:37.726Z,520
2019-08-11T17:54:37.727Z,498
2019-08-11T17:54:37.728Z,530
2019-08-11T17:54:37.729Z,523
2019-08-11T17:54:37.730Z,510
2019-08-11T17:54:37.731Z,513
2019-08-11T17:54:37.883Z,525
2019-08-11T17:54:37.884Z,517
2019-08-11T17:54:37.885Z,544
2019-08-11T17:54:37.886Z,738
2019-08-11T17:54:37.904Z,523
2019-08-11T17:54:37.912Z,543
2019-08-11T17:54:38.044Z,558
2019-08-11T17:54:38.047Z,608
2019-08-11T17:54:38.050Z,628
2019-08-11T17:54:38.052Z,642
2019-08-11T17:54:38.054Z,653
2019-08-11T17:54:38.056Z,675
2019-08-11T17:54:38.057Z,678
2019-08-11T17:54:38.058Z,677
2019-08-11T17:54:38.059Z,654
2019-08-11T17:54:38.061Z,637
2019-08-11T17:54:38.062Z,603
2019-08-11T17:54:38.235Z,525
2019-08-11T17:54:38.236Z,507
2019-08-11T17:54:38.237Z,512
2019-08-11T17:54:38.238Z,518
2019-08-11T17:54:38.239Z,526
2019-08-11T17:54:38.240Z,536
2019-08-11T17:54:38.241Z,531
2019-08-11T17:54:38.242Z,532
2019-08-11T17:54:38.264Z,528
2019-08-11T17:54:38.265Z,530
2019-08-11T17:54:38.422Z,535
2019-08-11T17:54:38.581Z,544
2019-08-11T17:54:38.582Z,554
2019-08-11T17:54:38.583Z,543
2019-08-11T17:54:38.584Z,956
2019-08-11T17:54:38.585Z,386
2019-08-11T17:54:38.586Z,545
2019-08-11T17:54:38.587Z,549
2019-08-11T17:54:38.743Z,561
2019-08-11T17:54:38.744Z,583
2019-08-11T17:54:38.745Z,605
2019-08-11T17:54:38.746Z,629
2019-08-11T17:54:38.747Z,651
2019-08-11T17:54:38.748Z,706
2019-08-11T17:54:38.749Z,724
2019-08-11T17:54:38.906Z,717
2019-08-11T17:54:38.907Z,639
2019-08-11T17:54:38.908Z,567
2019-08-11T17:54:38.909Z,554
2019-08-11T17:54:38.910Z,560
2019-08-11T17:54:38.911Z,574
2019-08-11T17:54:38.912Z,577
2019-08-11T17:54:39.067Z,588
2019-08-11T17:54:39.068Z,583
2019-08-11T17:54:39.069Z,583
2019-08-11T17:54:39.070Z,585
2019-08-11T17:54:39.071Z,583
2019-08-11T17:54:39.072Z,582
2019-08-11T17:54:39.073Z,567
2019-08-11T17:54:39.074Z,573
2019-08-11T17:54:39.227Z,581
2019-08-11T17:54:39.228Z,603
2019-08-11T17:54:39.229Z,570
2019-08-11T17:54:39.230Z,559
2019-08-11T17:54:39.231Z,560
2019-08-11T17:54:39.232Z,553
2019-08-11T17:54:39.233Z,864
2019-08-11T17:54:39.419Z,423
2019-08-11T17:54:39.420Z,533
2019-08-11T17:54:39.421Z,520
2019-08-11T17:54:39.422Z,525
2019-08-11T17:54:39.423Z,520
2019-08-11T17:54:39.424Z,532
2019-08-11T17:54:39.425Z,552
2019-08-11T17:54:39.426Z,595
2019-08-11T17:54:39.446Z,612
2019-08-11T17:54:39.447Z,631
2019-08-11T17:54:39.605Z,628
2019-08-11T17:54:39.766Z,439
2019-08-11T17:54:39.767Z,436
2019-08-11T17:54:39.768Z,433
2019-08-11T17:54:39.769Z,417
2019-08-11T17:54:39.770Z,416
2019-08-11T17:54:39.771Z,425
2019-08-11T17:54:39.776Z,421
2019-08-11T17:54:39.926Z,433
2019-08-11T17:54:39.927Z,454
2019-08-11T17:54:39.928Z,430
2019-08-11T17:54:39.929Z,430
2019-08-11T17:54:39.930Z,432
2019-08-11T17:54:39.931Z,488
2019-08-11T17:54:39.932Z,881
2019-08-11T17:54:40.085Z,264
2019-08-11T17:54:40.086Z,438
2019-08-11T17:54:40.087Z,445
2019-08-11T17:54:40.088Z,472
2019-08-11T17:54:40.089Z,475
2019-08-11T17:54:40.090Z,497
2019-08-11T17:54:40.091Z,525
2019-08-11T17:54:40.243Z,544
2019-08-11T17:54:40.244Z,589
2019-08-11T17:54:40.245Z,617
2019-08-11T17:54:40.246Z,574
2019-08-11T17:54:40.247Z,495
2019-08-11T17:54:40.248Z,462
2019-08-11T17:54:40.249Z,457
2019-08-11T17:54:40.402Z,474
2019-08-11T17:54:40.403Z,482
2019-08-11T17:54:40.404Z,492
2019-08-11T17:54:40.405Z,507
2019-08-11T17:54:40.406Z,498
2019-08-11T17:54:40.407Z,506
2019-08-11T17:54:40.408Z,507
2019-08-11T17:54:40.561Z,516
2019-08-11T17:54:40.562Z,506
2019-08-11T17:54:40.563Z,540
2019-08-11T17:54:40.564Z,557
2019-08-11T17:54:40.565Z,529
2019-08-11T17:54:40.566Z,532
2019-08-11T17:54:40.567Z,529
2019-08-11T17:54:40.719Z,529
2019-08-11T17:54:40.720Z,890
2019-08-11T17:54:40.721Z,375
2019-08-11T17:54:40.722Z,530
2019-08-11T17:54:40.723Z,541
2019-08-11T17:54:40.724Z,550
2019-08-11T17:54:40.725Z,557
2019-08-11T17:54:40.878Z,571
2019-08-11T17:54:40.879Z,594
2019-08-11T17:54:40.880Z,632
2019-08-11T17:54:40.881Z,675
2019-08-11T17:54:40.882Z,686
2019-08-11T17:54:40.883Z,598
2019-08-11T17:54:40.884Z,555
2019-08-11T17:54:41.037Z,528
2019-08-11T17:54:41.038Z,514
2019-08-11T17:54:41.039Z,507
2019-08-11T17:54:41.040Z,512
2019-08-11T17:54:41.041Z,533
2019-08-11T17:54:41.042Z,533
2019-08-11T17:54:41.043Z,540
2019-08-11T17:54:41.197Z,531
2019-08-11T17:54:41.198Z,531
2019-08-11T17:54:41.199Z,531
2019-08-11T17:54:41.200Z,530
2019-08-11T17:54:41.201Z,523
2019-08-11T17:54:41.202Z,541
2019-08-11T17:54:41.203Z,555
2019-08-11T17:54:41.359Z,538
2019-08-11T17:54:41.360Z,530
2019-08-11T17:54:41.361Z,531
2019-08-11T17:54:41.362Z,523
2019-08-11T17:54:41.363Z,929
2019-08-11T17:54:41.364Z,392
2019-08-11T17:54:41.365Z,520
2019-08-11T17:54:41.562Z,531
2019-08-11T17:54:41.563Z,526
2019-08-11T17:54:41.564Z,538
2019-08-11T17:54:41.565Z,555
2019-08-11T17:54:41.566Z,566
2019-08-11T17:54:41.567Z,616
2019-08-11T17:54:41.568Z,657
2019-08-11T17:54:41.569Z,653
2019-08-11T17:54:41.575Z,626
2019-08-11T17:54:41.576Z,566
2019-08-11T17:54:41.735Z,540
2019-08-11T17:54:41.893Z,506
2019-08-11T17:54:41.894Z,502
2019-08-11T17:54:41.895Z,501
2019-08-11T17:54:41.896Z,505
2019-08-11T17:54:41.897Z,505
2019-08-11T17:54:41.898Z,506
2019-08-11T17:54:41.899Z,516
2019-08-11T17:54:42.057Z,505
2019-08-11T17:54:42.058Z,519
2019-08-11T17:54:42.059Z,537
2019-08-11T17:54:42.060Z,516
2019-08-11T17:54:42.061Z,523
2019-08-11T17:54:42.062Z,505
2019-08-11T17:54:42.063Z,530
2019-08-11T17:54:42.216Z,715
2019-08-11T17:54:42.217Z,750
2019-08-11T17:54:42.218Z,484
2019-08-11T17:54:42.219Z,510
2019-08-11T17:54:42.220Z,523
2019-08-11T17:54:42.221Z,525
2019-08-11T17:54:42.222Z,543
2019-08-11T17:54:42.223Z,550
2019-08-11T17:54:42.375Z,566
2019-08-11T17:54:42.376Z,602
2019-08-11T17:54:42.377Z,646
2019-08-11T17:54:42.378Z,651
2019-08-11T17:54:42.379Z,561
2019-08-11T17:54:42.380Z,502
2019-08-11T17:54:42.381Z,505
2019-08-11T17:54:42.534Z,494
2019-08-11T17:54:42.535Z,496
2019-08-11T17:54:42.536Z,490
2019-08-11T17:54:42.537Z,501
2019-08-11T17:54:42.538Z,502
2019-08-11T17:54:42.539Z,507
2019-08-11T17:54:42.540Z,506
2019-08-11T17:54:42.693Z,502
2019-08-11T17:54:42.694Z,508
2019-08-11T17:54:42.695Z,512
2019-08-11T17:54:42.696Z,508
2019-08-11T17:54:42.697Z,506
2019-08-11T17:54:42.698Z,520
2019-08-11T17:54:42.851Z,520
2019-08-11T17:54:42.852Z,520
2019-08-11T17:54:42.853Z,520
2019-08-11T17:54:42.854Z,524
2019-08-11T17:54:42.855Z,522
2019-08-11T17:54:42.856Z,541
2019-08-11T17:54:42.857Z,556
2019-08-11T17:54:43.012Z,532
2019-08-11T17:54:43.013Z,525
2019-08-11T17:54:43.014Z,526
2019-08-11T17:54:43.015Z,530
2019-08-11T17:54:43.016Z,964
2019-08-11T17:54:43.017Z,497
2019-08-11T17:54:43.018Z,521
2019-08-11T17:54:43.171Z,516
2019-08-11T17:54:43.172Z,519
2019-08-11T17:54:43.173Z,533
2019-08-11T17:54:43.174Z,547
2019-08-11T17:54:43.175Z,559
2019-08-11T17:54:43.176Z,585
2019-08-11T17:54:43.177Z,636
2019-08-11T17:54:43.333Z,651
2019-08-11T17:54:43.334Z,658
2019-08-11T17:54:43.336Z,668
2019-08-11T17:54:43.337Z,660
2019-08-11T17:54:43.340Z,655
2019-08-11T17:54:43.341Z,606
2019-08-11T17:54:43.345Z,585
2019-08-11T17:54:43.346Z,520
2019-08-11T17:54:43.347Z,496
2019-08-11T17:54:43.348Z,497
2019-08-11T17:54:43.349Z,492
2019-08-11T17:54:43.350Z,497
2019-08-11T17:54:43.351Z,501
2019-08-11T17:54:43.357Z,497
2019-08-11T17:54:43.358Z,504
2019-08-11T17:54:43.492Z,506
2019-08-11T17:54:43.495Z,510
2019-08-11T17:54:43.496Z,508
2019-08-11T17:54:43.501Z,505
2019-08-11T17:54:43.502Z,499
2019-08-11T17:54:43.503Z,505
2019-08-11T17:54:43.504Z,505
2019-08-11T17:54:43.505Z,506
2019-08-11T17:54:43.652Z,507
2019-08-11T17:54:43.653Z,506
2019-08-11T17:54:43.654Z,500
2019-08-11T17:54:43.655Z,501
2019-08-11T17:54:43.656Z,506
2019-08-11T17:54:43.657Z,506
2019-08-11T17:54:43.658Z,516
2019-08-11T17:54:43.811Z,523
2019-08-11T17:54:43.812Z,535
2019-08-11T17:54:43.813Z,502
2019-08-11T17:54:43.814Z,512
2019-08-11T17:54:43.815Z,507
2019-08-11T17:54:43.816Z,816
2019-08-11T17:54:43.817Z,355
2019-08-11T17:54:43.974Z,439
2019-08-11T17:54:43.975Z,500
2019-08-11T17:54:43.976Z,512
2019-08-11T17:54:43.977Z,525
2019-08-11T17:54:43.978Z,541
2019-08-11T17:54:43.979Z,554
2019-08-11T17:54:43.980Z,604
2019-08-11T17:54:44.133Z,639
2019-08-11T17:54:44.134Z,674
2019-08-11T17:54:44.135Z,605
2019-08-11T17:54:44.136Z,522
2019-08-11T17:54:44.137Z,487
2019-08-11T17:54:44.138Z,476
2019-08-11T17:54:44.139Z,477
2019-08-11T17:54:44.293Z,482
2019-08-11T17:54:44.295Z,494
2019-08-11T17:54:44.296Z,499
2019-08-11T17:54:44.297Z,498
2019-08-11T17:54:44.298Z,518
2019-08-11T17:54:44.299Z,516
2019-08-11T17:54:44.301Z,497
2019-08-11T17:54:44.302Z,499
2019-08-11T17:54:44.306Z,499
2019-08-11T17:54:44.307Z,495
2019-08-11T17:54:44.308Z,499
2019-08-11T17:54:44.309Z,504
2019-08-11T17:54:44.451Z,497
2019-08-11T17:54:44.452Z,508
2019-08-11T17:54:44.453Z,500
2019-08-11T17:54:44.454Z,507
2019-08-11T17:54:44.455Z,507
2019-08-11T17:54:44.456Z,507
2019-08-11T17:54:44.457Z,499
2019-08-11T17:54:44.458Z,502
2019-08-11T17:54:44.459Z,518
2019-08-11T17:54:44.460Z,522
2019-08-11T17:54:44.461Z,546
2019-08-11T17:54:44.462Z,518
2019-08-11T17:54:44.463Z,518
2019-08-11T17:54:44.464Z,511
2019-08-11T17:54:44.617Z,514
2019-08-11T17:54:44.618Z,520
2019-08-11T17:54:44.619Z,746
2019-08-11T17:54:44.620Z,617
2019-08-11T17:54:44.621Z,485
2019-08-11T17:54:44.622Z,513
2019-08-11T17:54:44.623Z,542
2019-08-11T17:54:44.777Z,535
2019-08-11T17:54:44.778Z,545
2019-08-11T17:54:44.779Z,571
2019-08-11T17:54:44.780Z,593
2019-08-11T17:54:44.781Z,631
2019-08-11T17:54:44.782Z,673
2019-08-11T17:54:44.783Z,675
2019-08-11T17:54:44.784Z,637
2019-08-11T17:54:44.939Z,608
2019-08-11T17:54:44.941Z,578
2019-08-11T17:54:44.942Z,533
2019-08-11T17:54:44.943Z,506
2019-08-11T17:54:44.945Z,498
2019-08-11T17:54:44.946Z,504
2019-08-11T17:54:44.947Z,497
2019-08-11T17:54:44.948Z,509
2019-08-11T17:54:44.949Z,520
2019-08-11T17:54:44.952Z,517
2019-08-11T17:54:44.953Z,523
2019-08-11T17:54:45.103Z,513
2019-08-11T17:54:45.104Z,519
2019-08-11T17:54:45.257Z,518
2019-08-11T17:54:45.258Z,514
2019-08-11T17:54:45.259Z,533
2019-08-11T17:54:45.260Z,530
2019-08-11T17:54:45.261Z,517
2019-08-11T17:54:45.262Z,532
2019-08-11T17:54:45.415Z,516
2019-08-11T17:54:45.416Z,858
2019-08-11T17:54:45.417Z,357
2019-08-11T17:54:45.418Z,520
2019-08-11T17:54:45.419Z,522
2019-08-11T17:54:45.420Z,536
2019-08-11T17:54:45.421Z,546
2019-08-11T17:54:45.575Z,552
2019-08-11T17:54:45.576Z,569
2019-08-11T17:54:45.577Z,596
2019-08-11T17:54:45.578Z,646
2019-08-11T17:54:45.579Z,677
2019-08-11T17:54:45.580Z,631
2019-08-11T17:54:45.581Z,546
2019-08-11T17:54:45.736Z,517
2019-08-11T17:54:45.738Z,504
2019-08-11T17:54:45.739Z,495
2019-08-11T17:54:45.741Z,501
2019-08-11T17:54:45.742Z,498
2019-08-11T17:54:45.745Z,506
2019-08-11T17:54:45.746Z,501
2019-08-11T17:54:45.747Z,510
2019-08-11T17:54:45.749Z,514
2019-08-11T17:54:45.895Z,513
2019-08-11T17:54:45.896Z,511
2019-08-11T17:54:45.897Z,512
2019-08-11T17:54:45.898Z,506
2019-08-11T17:54:45.899Z,511
2019-08-11T17:54:45.901Z,514
2019-08-11T17:54:45.902Z,508
2019-08-11T17:54:45.904Z,520
2019-08-11T17:54:45.905Z,510
2019-08-11T17:54:45.906Z,520
2019-08-11T17:54:45.908Z,516
2019-08-11T17:54:46.053Z,518
2019-08-11T17:54:46.054Z,520
2019-08-11T17:54:46.055Z,523
2019-08-11T17:54:46.056Z,519
2019-08-11T17:54:46.057Z,526
2019-08-11T17:54:46.058Z,550
2019-08-11T17:54:46.059Z,522
2019-08-11T17:54:46.213Z,522
2019-08-11T17:54:46.214Z,520
2019-08-11T17:54:46.215Z,721
2019-08-11T17:54:46.216Z,366
2019-08-11T17:54:46.217Z,516
2019-08-11T17:54:46.218Z,513
2019-08-11T17:54:46.219Z,524
2019-08-11T17:54:46.373Z,528
2019-08-11T17:54:46.374Z,538
2019-08-11T17:54:46.375Z,543
2019-08-11T17:54:46.376Z,549
2019-08-11T17:54:46.377Z,566
2019-08-11T17:54:46.378Z,624
2019-08-11T17:54:46.379Z,664
2019-08-11T17:54:46.380Z,669
2019-08-11T17:54:46.532Z,642
2019-08-11T17:54:46.533Z,580
2019-08-11T17:54:46.534Z,517
2019-08-11T17:54:46.535Z,506
2019-08-11T17:54:46.536Z,496
2019-08-11T17:54:46.537Z,500
2019-08-11T17:54:46.538Z,494
2019-08-11T17:54:46.539Z,502
2019-08-11T17:54:46.691Z,507
2019-08-11T17:54:46.692Z,498
2019-08-11T17:54:46.693Z,495
2019-08-11T17:54:46.694Z,495
2019-08-11T17:54:46.695Z,498
2019-08-11T17:54:46.696Z,495
2019-08-11T17:54:46.697Z,497
2019-08-11T17:54:46.698Z,499
2019-08-11T17:54:46.850Z,505
2019-08-11T17:54:46.851Z,510
2019-08-11T17:54:46.852Z,506
2019-08-11T17:54:46.853Z,507
2019-08-11T17:54:46.854Z,514
2019-08-11T17:54:46.855Z,526
2019-08-11T17:54:46.856Z,541
2019-08-11T17:54:47.008Z,518
2019-08-11T17:54:47.009Z,511
2019-08-11T17:54:47.010Z,516
2019-08-11T17:54:47.011Z,505
2019-08-11T17:54:47.012Z,853
2019-08-11T17:54:47.013Z,436
2019-08-11T17:54:47.014Z,507
2019-08-11T17:54:47.170Z,516
2019-08-11T17:54:47.171Z,525
2019-08-11T17:54:47.172Z,529
2019-08-11T17:54:47.173Z,554
2019-08-11T17:54:47.174Z,578
2019-08-11T17:54:47.175Z,627
2019-08-11T17:54:47.334Z,655
2019-08-11T17:54:47.335Z,660
2019-08-11T17:54:47.336Z,583
2019-08-11T17:54:47.337Z,510
2019-08-11T17:54:47.338Z,485
2019-08-11T17:54:47.339Z,478
2019-08-11T17:54:47.340Z,492
2019-08-11T17:54:47.491Z,506
2019-08-11T17:54:47.492Z,506
2019-08-11T17:54:47.493Z,501
2019-08-11T17:54:47.494Z,498
2019-08-11T17:54:47.495Z,505
2019-08-11T17:54:47.496Z,502
2019-08-11T17:54:47.497Z,507
2019-08-11T17:54:47.650Z,506
2019-08-11T17:54:47.651Z,500
2019-08-11T17:54:47.652Z,509
2019-08-11T17:54:47.653Z,538
2019-08-11T17:54:47.654Z,512
2019-08-11T17:54:47.655Z,514
2019-08-11T17:54:47.656Z,524
2019-08-11T17:54:47.810Z,519
2019-08-11T17:54:47.811Z,845
2019-08-11T17:54:47.812Z,358
2019-08-11T17:54:47.813Z,513
2019-08-11T17:54:47.814Z,523
2019-08-11T17:54:47.815Z,542
2019-08-11T17:54:47.816Z,540
2019-08-11T17:54:47.969Z,554
2019-08-11T17:54:47.970Z,560
2019-08-11T17:54:47.985Z,645
2019-08-11T17:54:47.993Z,586
2019-08-11T17:54:48.131Z,536
2019-08-11T17:54:48.132Z,531
2019-08-11T17:54:48.288Z,536
2019-08-11T17:54:48.289Z,533
2019-08-11T17:54:48.290Z,530
2019-08-11T17:54:48.291Z,533
2019-08-11T17:54:48.292Z,524
2019-08-11T17:54:48.293Z,531
2019-08-11T17:54:48.294Z,538
2019-08-11T17:54:48.447Z,535
2019-08-11T17:54:48.448Z,531
2019-08-11T17:54:48.449Z,545
2019-08-11T17:54:48.450Z,553
2019-08-11T17:54:48.451Z,526
2019-08-11T17:54:48.452Z,540
2019-08-11T17:54:48.453Z,542
2019-08-11T17:54:48.454Z,616
2019-08-11T17:54:48.606Z,806
2019-08-11T17:54:48.607Z,879
2019-08-11T17:54:48.608Z,368
2019-08-11T17:54:48.609Z,535
2019-08-11T17:54:48.610Z,541
2019-08-11T17:54:48.611Z,542
2019-08-11T17:54:48.612Z,548
2019-08-11T17:54:48.613Z,555
2019-08-11T17:54:48.765Z,572
2019-08-11T17:54:48.766Z,589
2019-08-11T17:54:48.767Z,608
2019-08-11T17:54:48.768Z,653
2019-08-11T17:54:48.769Z,658
2019-08-11T17:54:48.770Z,673
2019-08-11T17:54:48.771Z,618
2019-08-11T17:54:48.772Z,569
2019-08-11T17:54:48.774Z,536
2019-08-11T17:54:48.775Z,504
2019-08-11T17:54:48.776Z,500
2019-08-11T17:54:48.925Z,494
2019-08-11T17:54:48.926Z,497
2019-08-11T17:54:48.927Z,502
2019-08-11T17:54:48.928Z,508
2019-08-11T17:54:48.929Z,504
2019-08-11T17:54:48.930Z,507
2019-08-11T17:54:48.931Z,493
2019-08-11T17:54:49.085Z,506
2019-08-11T17:54:49.086Z,497
2019-08-11T17:54:49.087Z,495
2019-08-11T17:54:49.088Z,498
2019-08-11T17:54:49.089Z,501
2019-08-11T17:54:49.090Z,501
2019-08-11T17:54:49.091Z,506
2019-08-11T17:54:49.092Z,512
2019-08-11T17:54:49.093Z,509
2019-08-11T17:54:49.244Z,517
2019-08-11T17:54:49.245Z,555
2019-08-11T17:54:49.246Z,519
2019-08-11T17:54:49.247Z,513
2019-08-11T17:54:49.248Z,519
2019-08-11T17:54:49.249Z,703
2019-08-11T17:54:49.250Z,838
2019-08-11T17:54:49.402Z,957
2019-08-11T17:54:49.403Z,385
2019-08-11T17:54:49.404Z,522
2019-08-11T17:54:49.405Z,519
2019-08-11T17:54:49.406Z,524
2019-08-11T17:54:49.407Z,532
2019-08-11T17:54:49.408Z,557
2019-08-11T17:54:49.409Z,554
2019-08-11T17:54:49.562Z,578
2019-08-11T17:54:49.563Z,603
2019-08-11T17:54:49.564Z,641
2019-08-11T17:54:49.565Z,666
2019-08-11T17:54:49.566Z,664
2019-08-11T17:54:49.567Z,578
2019-08-11T17:54:49.568Z,511
2019-08-11T17:54:49.569Z,494
2019-08-11T17:54:49.722Z,501
2019-08-11T17:54:49.723Z,506
2019-08-11T17:54:49.724Z,516
2019-08-11T17:54:49.725Z,512
2019-08-11T17:54:49.726Z,512
2019-08-11T17:54:49.727Z,505
2019-08-11T17:54:49.728Z,504
2019-08-11T17:54:49.880Z,511
2019-08-11T17:54:49.881Z,512
2019-08-11T17:54:49.882Z,507
2019-08-11T17:54:49.883Z,508
2019-08-11T17:54:49.884Z,504
2019-08-11T17:54:49.885Z,509
2019-08-11T17:54:49.886Z,520
2019-08-11T17:54:50.039Z,543
2019-08-11T17:54:50.040Z,519
2019-08-11T17:54:50.041Z,513
2019-08-11T17:54:50.042Z,520
2019-08-11T17:54:50.043Z,521
2019-08-11T17:54:50.044Z,907
2019-08-11T17:54:50.045Z,390
2019-08-11T17:54:50.046Z,470
2019-08-11T17:54:50.197Z,516
2019-08-11T17:54:50.198Z,518
2019-08-11T17:54:50.199Z,525
2019-08-11T17:54:50.200Z,530
2019-08-11T17:54:50.201Z,543
2019-08-11T17:54:50.202Z,564
2019-08-11T17:54:50.203Z,598
2019-08-11T17:54:50.204Z,605
2019-08-11T17:54:50.356Z,642
2019-08-11T17:54:50.357Z,661
2019-08-11T17:54:50.358Z,614
2019-08-11T17:54:50.359Z,588
2019-08-11T17:54:50.360Z,559
2019-08-11T17:54:50.363Z,519
2019-08-11T17:54:50.364Z,496
2019-08-11T17:54:50.369Z,488
2019-08-11T17:54:50.370Z,478
2019-08-11T17:54:50.371Z,484
2019-08-11T17:54:50.373Z,495
2019-08-11T17:54:50.515Z,497
2019-08-11T17:54:50.516Z,504
2019-08-11T17:54:50.517Z,505
2019-08-11T17:54:50.518Z,514
2019-08-11T17:54:50.519Z,507
2019-08-11T17:54:50.520Z,500
2019-08-11T17:54:50.522Z,502
2019-08-11T17:54:50.523Z,506
2019-08-11T17:54:50.524Z,507
2019-08-11T17:54:50.527Z,501
2019-08-11T17:54:50.530Z,504
2019-08-11T17:54:50.675Z,509
2019-08-11T17:54:50.676Z,506
2019-08-11T17:54:50.677Z,512
2019-08-11T17:54:50.678Z,524
2019-08-11T17:54:50.681Z,516
2019-08-11T17:54:50.682Z,519
2019-08-11T17:54:50.683Z,522
2019-08-11T17:54:50.684Z,553
2019-08-11T17:54:50.685Z,558
2019-08-11T17:54:50.689Z,549
2019-08-11T17:54:50.834Z,535
2019-08-11T17:54:50.835Z,531
2019-08-11T17:54:50.836Z,534
2019-08-11T17:54:50.837Z,541
2019-08-11T17:54:50.841Z,532
2019-08-11T17:54:50.842Z,820
2019-08-11T17:54:50.843Z,399
2019-08-11T17:54:50.844Z,556
2019-08-11T17:54:50.845Z,555
2019-08-11T17:54:50.992Z,556
2019-08-11T17:54:50.993Z,568
2019-08-11T17:54:50.994Z,571
2019-08-11T17:54:50.995Z,578
2019-08-11T17:54:50.999Z,583
2019-08-11T17:54:51.000Z,595
2019-08-11T17:54:51.001Z,627
2019-08-11T17:54:51.002Z,645
2019-08-11T17:54:51.003Z,693
2019-08-11T17:54:51.151Z,693
2019-08-11T17:54:51.152Z,652
2019-08-11T17:54:51.153Z,580
2019-08-11T17:54:51.157Z,554
2019-08-11T17:54:51.158Z,526
2019-08-11T17:54:51.159Z,529
2019-08-11T17:54:51.160Z,537
2019-08-11T17:54:51.161Z,541
2019-08-11T17:54:51.310Z,540
2019-08-11T17:54:51.311Z,542
2019-08-11T17:54:51.312Z,533
2019-08-11T17:54:51.313Z,526
2019-08-11T17:54:51.314Z,520
2019-08-11T17:54:51.315Z,523
2019-08-11T17:54:51.316Z,520
2019-08-11T17:54:51.317Z,526
2019-08-11T17:54:51.319Z,520
2019-08-11T17:54:51.320Z,522
2019-08-11T17:54:51.472Z,523
2019-08-11T17:54:51.473Z,526
2019-08-11T17:54:51.474Z,518
2019-08-11T17:54:51.475Z,520
2019-08-11T17:54:51.476Z,507
2019-08-11T17:54:51.477Z,540
2019-08-11T17:54:51.478Z,530
2019-08-11T17:54:51.479Z,516
2019-08-11T17:54:51.666Z,514
2019-08-11T17:54:51.667Z,510
2019-08-11T17:54:51.669Z,518
2019-08-11T17:54:51.671Z,513
2019-08-11T17:54:51.672Z,532
2019-08-11T17:54:51.673Z,897
2019-08-11T17:54:51.674Z,392
2019-08-11T17:54:51.675Z,504
2019-08-11T17:54:51.676Z,512
2019-08-11T17:54:51.677Z,524
2019-08-11T17:54:51.678Z,514
2019-08-11T17:54:51.712Z,529
2019-08-11T17:54:51.713Z,529
2019-08-11T17:54:51.870Z,536
2019-08-11T17:54:52.030Z,460
2019-08-11T17:54:52.031Z,468
2019-08-11T17:54:52.032Z,478
2019-08-11T17:54:52.033Z,480
2019-08-11T17:54:52.034Z,477
2019-08-11T17:54:52.035Z,468
2019-08-11T17:54:52.036Z,470
2019-08-11T17:54:52.037Z,477
2019-08-11T17:54:52.189Z,470
2019-08-11T17:54:52.190Z,475
2019-08-11T17:54:52.191Z,473
2019-08-11T17:54:52.192Z,472
2019-08-11T17:54:52.193Z,478
2019-08-11T17:54:52.194Z,487
2019-08-11T17:54:52.195Z,480
2019-08-11T17:54:52.196Z,490
2019-08-11T17:54:52.348Z,490
2019-08-11T17:54:52.349Z,486
2019-08-11T17:54:52.350Z,513
2019-08-11T17:54:52.351Z,502
2019-08-11T17:54:52.352Z,486
2019-08-11T17:54:52.353Z,497
2019-08-11T17:54:52.354Z,492
2019-08-11T17:54:52.355Z,734
2019-08-11T17:54:52.507Z,884
2019-08-11T17:54:52.508Z,309
2019-08-11T17:54:52.509Z,492
2019-08-11T17:54:52.510Z,494
2019-08-11T17:54:52.511Z,510
2019-08-11T17:54:52.512Z,513
2019-08-11T17:54:52.513Z,532
2019-08-11T17:54:52.514Z,541
2019-08-11T17:54:52.665Z,547
2019-08-11T17:54:52.666Z,561
2019-08-11T17:54:52.667Z,603
2019-08-11T17:54:52.668Z,624
2019-08-11T17:54:52.669Z,594
2019-08-11T17:54:52.670Z,521
2019-08-11T17:54:52.671Z,493
2019-08-11T17:54:52.674Z,478
2019-08-11T17:54:52.675Z,477
2019-08-11T17:54:52.827Z,485
2019-08-11T17:54:52.828Z,481
2019-08-11T17:54:52.829Z,486
2019-08-11T17:54:52.830Z,495
2019-08-11T17:54:52.831Z,495
2019-08-11T17:54:52.832Z,492
2019-08-11T17:54:52.833Z,493
2019-08-11T17:54:52.834Z,498
2019-08-11T17:54:52.986Z,500
2019-08-11T17:54:52.987Z,492
2019-08-11T17:54:52.988Z,502
2019-08-11T17:54:52.989Z,510
2019-08-11T17:54:52.990Z,517
2019-08-11T17:54:52.991Z,518
2019-08-11T17:54:52.992Z,519
2019-08-11T17:54:53.145Z,535
2019-08-11T17:54:53.146Z,570
2019-08-11T17:54:53.147Z,536
2019-08-11T17:54:53.148Z,540
2019-08-11T17:54:53.149Z,545
2019-08-11T17:54:53.150Z,741
2019-08-11T17:54:53.151Z,996
2019-08-11T17:54:53.304Z,374
2019-08-11T17:54:53.305Z,559
2019-08-11T17:54:53.306Z,564
2019-08-11T17:54:53.307Z,582
2019-08-11T17:54:53.308Z,600
2019-08-11T17:54:53.309Z,620
2019-08-11T17:54:53.310Z,618
2019-08-11T17:54:53.311Z,630
2019-08-11T17:54:53.312Z,648
2019-08-11T17:54:53.463Z,666
2019-08-11T17:54:53.464Z,706
2019-08-11T17:54:53.465Z,734
2019-08-11T17:54:53.466Z,705
2019-08-11T17:54:53.467Z,634
2019-08-11T17:54:53.468Z,580
2019-08-11T17:54:53.469Z,578
2019-08-11T17:54:53.623Z,590
2019-08-11T17:54:53.624Z,593
2019-08-11T17:54:53.625Z,591
2019-08-11T17:54:53.626Z,590
2019-08-11T17:54:53.627Z,586
2019-08-11T17:54:53.628Z,586
2019-08-11T17:54:53.629Z,583
2019-08-11T17:54:53.782Z,590
2019-08-11T17:54:53.784Z,582
2019-08-11T17:54:53.785Z,583
2019-08-11T17:54:53.786Z,568
2019-08-11T17:54:53.787Z,586
2019-08-11T17:54:53.788Z,578
2019-08-11T17:54:53.789Z,555
2019-08-11T17:54:53.790Z,555
2019-08-11T17:54:53.941Z,553
2019-08-11T17:54:53.942Z,819
2019-08-11T17:54:53.943Z,496
2019-08-11T17:54:53.944Z,505
2019-08-11T17:54:53.945Z,530
2019-08-11T17:54:53.946Z,533
2019-08-11T17:54:53.947Z,524
2019-08-11T17:54:53.948Z,536
2019-08-11T17:54:53.949Z,540
2019-08-11T17:54:53.950Z,533
2019-08-11T17:54:54.100Z,543
2019-08-11T17:54:54.101Z,555
2019-08-11T17:54:54.102Z,565
2019-08-11T17:54:54.103Z,586
2019-08-11T17:54:54.104Z,637
2019-08-11T17:54:54.105Z,631
2019-08-11T17:54:54.106Z,550
2019-08-11T17:54:54.260Z,518
2019-08-11T17:54:54.261Z,463
2019-08-11T17:54:54.262Z,446
2019-08-11T17:54:54.263Z,456
2019-08-11T17:54:54.264Z,462
2019-08-11T17:54:54.265Z,459
2019-08-11T17:54:54.266Z,447
2019-08-11T17:54:54.267Z,435
2019-08-11T17:54:54.419Z,439
2019-08-11T17:54:54.420Z,434
2019-08-11T17:54:54.421Z,434
2019-08-11T17:54:54.422Z,439
2019-08-11T17:54:54.423Z,464
2019-08-11T17:54:54.424Z,456
2019-08-11T17:54:54.425Z,438
2019-08-11T17:54:54.579Z,439
2019-08-11T17:54:54.580Z,447
2019-08-11T17:54:54.581Z,694
2019-08-11T17:54:54.582Z,506
2019-08-11T17:54:54.583Z,415
2019-08-11T17:54:54.584Z,457
2019-08-11T17:54:54.585Z,466
2019-08-11T17:54:54.738Z,484
2019-08-11T17:54:54.739Z,494
2019-08-11T17:54:54.740Z,517
2019-08-11T17:54:54.741Z,549
2019-08-11T17:54:54.742Z,597
2019-08-11T17:54:54.743Z,620
2019-08-11T17:54:54.744Z,598
2019-08-11T17:54:54.901Z,578
2019-08-11T17:54:54.902Z,523
2019-08-11T17:54:54.903Z,474
2019-08-11T17:54:54.904Z,469
2019-08-11T17:54:54.905Z,486
2019-08-11T17:54:54.906Z,493
2019-08-11T17:54:54.907Z,498
2019-08-11T17:54:54.908Z,502
2019-08-11T17:54:55.061Z,498
2019-08-11T17:54:55.062Z,489
2019-08-11T17:54:55.063Z,495
2019-08-11T17:54:55.064Z,495
2019-08-11T17:54:55.065Z,493
2019-08-11T17:54:55.066Z,510
2019-08-11T17:54:55.067Z,510
2019-08-11T17:54:55.068Z,493
2019-08-11T17:54:55.220Z,497
2019-08-11T17:54:55.221Z,500
2019-08-11T17:54:55.222Z,498
2019-08-11T17:54:55.223Z,823
2019-08-11T17:54:55.224Z,354
2019-08-11T17:54:55.225Z,497
2019-08-11T17:54:55.226Z,501
2019-08-11T17:54:55.227Z,506
2019-08-11T17:54:55.379Z,520
2019-08-11T17:54:55.380Z,526
2019-08-11T17:54:55.381Z,538
2019-08-11T17:54:55.382Z,554
2019-08-11T17:54:55.383Z,576
2019-08-11T17:54:55.384Z,608
2019-08-11T17:54:55.385Z,637
2019-08-11T17:54:55.386Z,634
2019-08-11T17:54:55.540Z,606
2019-08-11T17:54:55.541Z,530
2019-08-11T17:54:55.542Z,504
2019-08-11T17:54:55.543Z,488
2019-08-11T17:54:55.544Z,500
2019-08-11T17:54:55.545Z,501
2019-08-11T17:54:55.546Z,505
2019-08-11T17:54:55.547Z,512
2019-08-11T17:54:55.697Z,509
2019-08-11T17:54:55.698Z,509
2019-08-11T17:54:55.699Z,510
2019-08-11T17:54:55.700Z,511
2019-08-11T17:54:55.701Z,507
2019-08-11T17:54:55.702Z,501
2019-08-11T17:54:55.703Z,521
2019-08-11T17:54:55.704Z,525
2019-08-11T17:54:55.856Z,543
2019-08-11T17:54:55.857Z,506
2019-08-11T17:54:55.858Z,512
2019-08-11T17:54:55.859Z,518
2019-08-11T17:54:55.860Z,693
2019-08-11T17:54:55.861Z,812
2019-08-11T17:54:55.862Z,494
2019-08-11T17:54:56.015Z,522
2019-08-11T17:54:56.016Z,521
2019-08-11T17:54:56.017Z,533
2019-08-11T17:54:56.018Z,544
2019-08-11T17:54:56.019Z,557
2019-08-11T17:54:56.020Z,579
2019-08-11T17:54:56.021Z,613
2019-08-11T17:54:56.174Z,619
2019-08-11T17:54:56.175Z,651
2019-08-11T17:54:56.176Z,638
2019-08-11T17:54:56.177Z,565
2019-08-11T17:54:56.178Z,511
2019-08-11T17:54:56.179Z,498
2019-08-11T17:54:56.180Z,494
2019-08-11T17:54:56.181Z,504
2019-08-11T17:54:56.335Z,500
2019-08-11T17:54:56.336Z,504
2019-08-11T17:54:56.337Z,511
2019-08-11T17:54:56.338Z,507
2019-08-11T17:54:56.339Z,506
2019-08-11T17:54:56.340Z,510
2019-08-11T17:54:56.341Z,518
2019-08-11T17:54:56.342Z,516
2019-08-11T17:54:56.495Z,516
2019-08-11T17:54:56.496Z,523
2019-08-11T17:54:56.497Z,553
2019-08-11T17:54:56.498Z,547
2019-08-11T17:54:56.499Z,530
2019-08-11T17:54:56.500Z,534
2019-08-11T17:54:56.501Z,526
2019-08-11T17:54:56.502Z,893
2019-08-11T17:54:56.503Z,988
2019-08-11T17:54:56.654Z,393
2019-08-11T17:54:56.655Z,514
2019-08-11T17:54:56.656Z,548
2019-08-11T17:54:56.657Z,557
2019-08-11T17:54:56.658Z,569
2019-08-11T17:54:56.659Z,574
2019-08-11T17:54:56.660Z,606
2019-08-11T17:54:56.813Z,624
2019-08-11T17:54:56.814Z,642
2019-08-11T17:54:56.815Z,687
2019-08-11T17:54:56.816Z,682
2019-08-11T17:54:56.817Z,613
2019-08-11T17:54:56.818Z,537
2019-08-11T17:54:56.819Z,518
2019-08-11T17:54:56.972Z,512
2019-08-11T17:54:56.973Z,512
2019-08-11T17:54:56.974Z,511
2019-08-11T17:54:56.975Z,513
2019-08-11T17:54:56.976Z,514
2019-08-11T17:54:56.977Z,512
2019-08-11T17:54:56.978Z,504
2019-08-11T17:54:56.979Z,497
2019-08-11T17:54:56.980Z,492
2019-08-11T17:54:57.130Z,488
2019-08-11T17:54:57.131Z,488
2019-08-11T17:54:57.132Z,490
2019-08-11T17:54:57.133Z,487
2019-08-11T17:54:57.134Z,474
2019-08-11T17:54:57.135Z,486
2019-08-11T17:54:57.136Z,504
2019-08-11T17:54:57.137Z,500
2019-08-11T17:54:57.289Z,487
2019-08-11T17:54:57.290Z,476
2019-08-11T17:54:57.291Z,481
2019-08-11T17:54:57.292Z,501
2019-08-11T17:54:57.293Z,883
2019-08-11T17:54:57.294Z,364
2019-08-11T17:54:57.295Z,468
2019-08-11T17:54:57.296Z,475
2019-08-11T17:54:57.448Z,481
2019-08-11T17:54:57.449Z,489
2019-08-11T17:54:57.450Z,498
2019-08-11T17:54:57.451Z,504
2019-08-11T17:54:57.452Z,514
2019-08-11T17:54:57.453Z,534
2019-08-11T17:54:57.454Z,583
2019-08-11T17:54:57.455Z,614
2019-08-11T17:54:57.607Z,595
2019-08-11T17:54:57.608Z,522
2019-08-11T17:54:57.609Z,477
2019-08-11T17:54:57.610Z,465
2019-08-11T17:54:57.611Z,474
2019-08-11T17:54:57.612Z,478
2019-08-11T17:54:57.613Z,480
2019-08-11T17:54:57.766Z,486
2019-08-11T17:54:57.767Z,486
2019-08-11T17:54:57.768Z,482
2019-08-11T17:54:57.769Z,487
2019-08-11T17:54:57.770Z,484
2019-08-11T17:54:57.771Z,487
2019-08-11T17:54:57.772Z,483
2019-08-11T17:54:57.773Z,487
2019-08-11T17:54:57.774Z,484
2019-08-11T17:54:57.927Z,495
2019-08-11T17:54:57.928Z,489
2019-08-11T17:54:57.929Z,495
2019-08-11T17:54:57.946Z,494
2019-08-11T17:54:57.955Z,537
2019-08-11T17:54:58.090Z,507
2019-08-11T17:54:58.091Z,514
2019-08-11T17:54:58.092Z,514
2019-08-11T17:54:58.093Z,921
2019-08-11T17:54:58.094Z,373
2019-08-11T17:54:58.095Z,514
2019-08-11T17:54:58.247Z,523
2019-08-11T17:54:58.248Z,526
2019-08-11T17:54:58.249Z,541
2019-08-11T17:54:58.250Z,552
2019-08-11T17:54:58.251Z,560
2019-08-11T17:54:58.252Z,577
2019-08-11T17:54:58.253Z,614
2019-08-11T17:54:58.254Z,653
2019-08-11T17:54:58.407Z,666
2019-08-11T17:54:58.408Z,617
2019-08-11T17:54:58.409Z,548
2019-08-11T17:54:58.410Z,523
2019-08-11T17:54:58.411Z,522
2019-08-11T17:54:58.412Z,532
2019-08-11T17:54:58.413Z,530
2019-08-11T17:54:58.565Z,533
2019-08-11T17:54:58.566Z,538
2019-08-11T17:54:58.567Z,537
2019-08-11T17:54:58.568Z,540
2019-08-11T17:54:58.569Z,534
2019-08-11T17:54:58.570Z,541
2019-08-11T17:54:58.571Z,536
2019-08-11T17:54:58.724Z,541
2019-08-11T17:54:58.725Z,544
2019-08-11T17:54:58.726Z,555
2019-08-11T17:54:58.727Z,554
2019-08-11T17:54:58.728Z,554
2019-08-11T17:54:58.729Z,557
2019-08-11T17:54:58.730Z,561
2019-08-11T17:54:58.883Z,559
2019-08-11T17:54:58.884Z,567
2019-08-11T17:54:58.885Z,561
2019-08-11T17:54:58.886Z,589
2019-08-11T17:54:58.887Z,567
2019-08-11T17:54:58.888Z,565
2019-08-11T17:54:58.889Z,559
2019-08-11T17:54:59.042Z,553
2019-08-11T17:54:59.043Z,1024
2019-08-11T17:54:59.044Z,405
2019-08-11T17:54:59.045Z,545
2019-08-11T17:54:59.046Z,552
2019-08-11T17:54:59.047Z,558
2019-08-11T17:54:59.200Z,569
2019-08-11T17:54:59.201Z,565
2019-08-11T17:54:59.202Z,580
2019-08-11T17:54:59.203Z,601
2019-08-11T17:54:59.204Z,634
2019-08-11T17:54:59.205Z,657
2019-08-11T17:54:59.206Z,643
2019-08-11T17:54:59.207Z,589
2019-08-11T17:54:59.359Z,573
2019-08-11T17:54:59.360Z,520
2019-08-11T17:54:59.361Z,506
2019-08-11T17:54:59.362Z,516
2019-08-11T17:54:59.363Z,522
2019-08-11T17:54:59.364Z,520
2019-08-11T17:54:59.365Z,511
2019-08-11T17:54:59.518Z,512
2019-08-11T17:54:59.519Z,501
2019-08-11T17:54:59.520Z,506
2019-08-11T17:54:59.521Z,507
2019-08-11T17:54:59.522Z,500
2019-08-11T17:54:59.523Z,500
2019-08-11T17:54:59.524Z,506
2019-08-11T17:54:59.677Z,501
2019-08-11T17:54:59.678Z,506
2019-08-11T17:54:59.679Z,535
2019-08-11T17:54:59.680Z,500
2019-08-11T17:54:59.681Z,506
2019-08-11T17:54:59.682Z,511
2019-08-11T17:54:59.683Z,742
2019-08-11T17:54:59.684Z,871
2019-08-11T17:54:59.836Z,627
2019-08-11T17:54:59.837Z,464
2019-08-11T17:54:59.838Z,498
2019-08-11T17:54:59.839Z,512
2019-08-11T17:54:59.840Z,530
2019-08-11T17:54:59.841Z,541
2019-08-11T17:54:59.842Z,553
2019-08-11T17:54:59.995Z,573
2019-08-11T17:54:59.996Z,614
2019-08-11T17:54:59.997Z,645
2019-08-11T17:54:59.998Z,645
2019-08-11T17:54:59.999Z,576
2019-08-11T17:55:00.000Z,553
2019-08-11T17:55:00.001Z,520
2019-08-11T17:55:00.004Z,507
2019-08-11T17:55:00.005Z,478
2019-08-11T17:55:00.007Z,477
2019-08-11T17:55:00.154Z,470
2019-08-11T17:55:00.155Z,474
2019-08-11T17:55:00.156Z,486
2019-08-11T17:55:00.157Z,497
2019-08-11T17:55:00.158Z,502
2019-08-11T17:55:00.159Z,497
2019-08-11T17:55:00.160Z,493
2019-08-11T17:55:00.161Z,497
2019-08-11T17:55:00.313Z,498
2019-08-11T17:55:00.314Z,500
2019-08-11T17:55:00.315Z,494
2019-08-11T17:55:00.316Z,495
2019-08-11T17:55:00.317Z,514
2019-08-11T17:55:00.318Z,530
2019-08-11T17:55:00.319Z,513
2019-08-11T17:55:00.472Z,505
2019-08-11T17:55:00.473Z,507
2019-08-11T17:55:00.474Z,762
2019-08-11T17:55:00.475Z,532
2019-08-11T17:55:00.476Z,487
2019-08-11T17:55:00.477Z,500
2019-08-11T17:55:00.478Z,513
2019-08-11T17:55:00.631Z,512
2019-08-11T17:55:00.632Z,531
2019-08-11T17:55:00.633Z,541
2019-08-11T17:55:00.634Z,559
2019-08-11T17:55:00.635Z,593
2019-08-11T17:55:00.636Z,644
2019-08-11T17:55:00.637Z,657
2019-08-11T17:55:00.790Z,648
2019-08-11T17:55:00.791Z,571
2019-08-11T17:55:00.792Z,512
2019-08-11T17:55:00.793Z,495
2019-08-11T17:55:00.794Z,489
2019-08-11T17:55:00.795Z,494
2019-08-11T17:55:00.796Z,504
2019-08-11T17:55:00.797Z,513
2019-08-11T17:55:00.950Z,510
2019-08-11T17:55:00.951Z,512
2019-08-11T17:55:00.952Z,507
2019-08-11T17:55:00.953Z,505
2019-08-11T17:55:00.954Z,514
2019-08-11T17:55:00.955Z,523
2019-08-11T17:55:00.956Z,517
2019-08-11T17:55:01.108Z,526
2019-08-11T17:55:01.109Z,521
2019-08-11T17:55:01.110Z,516
2019-08-11T17:55:01.111Z,525
2019-08-11T17:55:01.112Z,554
2019-08-11T17:55:01.113Z,525
2019-08-11T17:55:01.114Z,528
2019-08-11T17:55:01.115Z,531
2019-08-11T17:55:01.267Z,552
2019-08-11T17:55:01.268Z,918
2019-08-11T17:55:01.269Z,406
2019-08-11T17:55:01.270Z,518
2019-08-11T17:55:01.271Z,528
2019-08-11T17:55:01.272Z,535
2019-08-11T17:55:01.273Z,543
2019-08-11T17:55:01.428Z,552
2019-08-11T17:55:01.429Z,554
2019-08-11T17:55:01.430Z,568
2019-08-11T17:55:01.431Z,622
2019-08-11T17:55:01.432Z,649
2019-08-11T17:55:01.433Z,632
2019-08-11T17:55:01.434Z,542
2019-08-11T17:55:01.587Z,506
2019-08-11T17:55:01.588Z,498
2019-08-11T17:55:01.589Z,501
2019-08-11T17:55:01.590Z,502
2019-08-11T17:55:01.591Z,504
2019-08-11T17:55:01.592Z,511
2019-08-11T17:55:01.593Z,507
2019-08-11T17:55:01.747Z,514
2019-08-11T17:55:01.748Z,502
2019-08-11T17:55:01.749Z,507
2019-08-11T17:55:01.750Z,506
2019-08-11T17:55:01.751Z,500
2019-08-11T17:55:01.752Z,505
2019-08-11T17:55:01.753Z,505
2019-08-11T17:55:01.754Z,510
2019-08-11T17:55:01.755Z,502
2019-08-11T17:55:01.906Z,508
2019-08-11T17:55:01.907Z,507
2019-08-11T17:55:01.908Z,513
2019-08-11T17:55:01.909Z,550
2019-08-11T17:55:01.910Z,533
2019-08-11T17:55:01.911Z,520
2019-08-11T17:55:01.912Z,528
2019-08-11T17:55:02.065Z,513
2019-08-11T17:55:02.066Z,957
2019-08-11T17:55:02.067Z,356
2019-08-11T17:55:02.068Z,520
2019-08-11T17:55:02.069Z,522
2019-08-11T17:55:02.070Z,538
2019-08-11T17:55:02.071Z,542
2019-08-11T17:55:02.225Z,556
2019-08-11T17:55:02.226Z,566
2019-08-11T17:55:02.227Z,597
2019-08-11T17:55:02.228Z,637
2019-08-11T17:55:02.229Z,646
2019-08-11T17:55:02.230Z,637
2019-08-11T17:55:02.231Z,557
2019-08-11T17:55:02.383Z,528
2019-08-11T17:55:02.384Z,505
2019-08-11T17:55:02.385Z,513
2019-08-11T17:55:02.386Z,520
2019-08-11T17:55:02.387Z,519
2019-08-11T17:55:02.388Z,517
2019-08-11T17:55:02.389Z,522
2019-08-11T17:55:02.541Z,529
2019-08-11T17:55:02.542Z,522
2019-08-11T17:55:02.543Z,514
2019-08-11T17:55:02.544Z,521
2019-08-11T17:55:02.545Z,521
2019-08-11T17:55:02.546Z,528
2019-08-11T17:55:02.547Z,522
2019-08-11T17:55:02.700Z,535
2019-08-11T17:55:02.701Z,554
2019-08-11T17:55:02.702Z,533
2019-08-11T17:55:02.705Z,536
2019-08-11T17:55:02.706Z,542
2019-08-11T17:55:02.707Z,545
2019-08-11T17:55:02.708Z,793
2019-08-11T17:55:02.709Z,633

